buscando,um,oportunidade de,trabalho
catando,uma,posto de,trampo
busca-se,NULL,oferta de,bico
busco,,vaga de,emprego
cato,,oportunidade para,freela
quero,,posto para,estágio
querendo,,oferta para,trainee
queria,,vaga para,estagio
procurando,,NULL,jovem aprendiz
procura-se,,,aprendiz
procuro,,,frela
procurando por,,,aprendis
procura-se por,,,jovem aprendis
procuro por,,,
precisando,,,
preciso,,,
precisa-se,,,
necessitando,,,
necessita-se,,,
necessito,,,
gostaria,,,
precisando de,,,
preciso de,,,
precisa-se de,,,
necessitando de,,,
necessita-se de,,,
necessito de,,,
gostaria de,,,
